id,name,Q,var,con,dis,transit
1001,TRUK,250,2.1004618709204954,0.0,33.25443872087979,1
1110,KBRG,8250,48.27205162601637,0.0,43.29356670807973,2
1011,KPNG,8250,81.91457360056357,0.0,32.781709539850176,2
1100,KRTA,3000,49.189712262438306,0.0,127.97488363929693,1
